{
  "train_losses": [
    2.717952609062195,
    2.473344167073568
  ],
  "val_losses": [
    2.560417652130127,
    2.3417251110076904
  ],
  "perplexities": [
    12.941221115575592,
    10.399160804407739
  ],
  "test_loss": 2.3417251110076904,
  "test_perplexity": 10.399160804407739,
  "best_perplexity": 10.399160804407739,
  "num_parameters": 2323696,
  "vocab_size": 29
}