{
  "gpt2_tiny": 51314.4609375,
  "gpt2_small": 52648.76171875,
  "timestamp": "2025-05-23 00:08:05",
  "seq_length": 512
}