{
  "train_losses": [
    2.7743940353393555,
    2.609273393948873
  ],
  "val_losses": [
    2.681199550628662,
    2.5177934169769287
  ],
  "perplexities": [
    14.602599351313705,
    12.40120216840841
  ],
  "test_loss": 2.5177934169769287,
  "test_perplexity": 12.40120216840841,
  "best_perplexity": 12.40120216840841,
  "num_parameters": 4036488,
  "vocab_size": 29
}