{
  "nlp_results": [
    {
      "model_type": "standard",
      "train_losses": [
        1.0331794834136963,
        0.15515656471252443,
        0.03539355482906103,
        0.0172385929338634,
        0.013477005865424871
      ],
      "val_losses": [
        0.3045944422483444,
        0.036966355672727026,
        0.011020132650931677,
        0.007399597205221653,
        0.007184188929386437
      ],
      "perplexities": [
        1.3560749247719508,
        1.037658108941852,
        1.0110810779822201,
        1.0074270418760287,
        1.0072100571249032
      ],
      "final_perplexity": 1.0072100571249032,
      "training_time": 30.892191171646118,
      "model_params": 1982132
    },
    {
      "model_type": "signalllm",
      "train_losses": [
        1.1730174612998963,
        0.4414319717884064,
        0.2731324577331543,
        0.22273798048496246,
        0.1947045746445656
      ],
      "val_losses": [
        0.5981961041688919,
        0.3030825952688853,
        0.1863094481329123,
        0.2027642441292604,
        0.13934261413911977
      ],
      "perplexities": [
        1.8188348507247654,
        1.3540262959898415,
        1.2047950242699121,
        1.2247836842636257,
        1.149517873620222
      ],
      "final_perplexity": 1.149517873620222,
      "training_time": 15.687777042388916,
      "model_params": 1982132
    },
    {
      "model_type": "signalllm_mps",
      "train_losses": [
        NaN,
        NaN,
        NaN,
        NaN,
        NaN
      ],
      "val_losses": [
        NaN,
        NaN,
        NaN,
        NaN,
        NaN
      ],
      "perplexities": [
        NaN,
        NaN,
        NaN,
        NaN,
        NaN
      ],
      "final_perplexity": NaN,
      "training_time": 6.204620122909546,
      "model_params": 1125776
    }
  ],
  "wavelet_comparison": {
    "seq_lengths": [
      32,
      64,
      128,
      256,
      512
    ],
    "standard_times": [
      1.1083126068115234,
      1.1126041412353516,
      1.1652231216430664,
      1.258540153503418,
      1.0571002960205078
    ],
    "mps_times": [
      1.1868000030517578,
      1.1511802673339844,
      1.1525869369506836,
      1.1503934860229492,
      1.1444807052612305
    ]
  }
}